     InternalCells,     HaloSize,     InviscidExchange,     Gravity,     Viscosity,     CapillaryForces,     GruneisenDensityDependent,     Axisymmetric,     LimitEndTime,     TrackRuntimes,     LevelsetCutOffFactor,     FullSymmetry,     ReinitializationBand,     ExtensionBand,     PredictionStencilSize,     ViscosityModel,     ThermalConductivityModel,     SurfaceTensionCoefficientModel,     SpaceTimeDiscretizationOrder,     TimeIntegrator,          LevelsetAdvector,     LevelsetReinitializer,     InterfaceRiemannSolver,      CutCellMixer,     GhostFluidExtender,     RiemannSolver,            FluxSplitting,     SignalSpeed,     LowMachNumberLimit,     ReconstructionStencil,     LevelsetReconstructionStencil,     GeometryReconstructionStencil,     ViscosusFluxesReconstructionStencil,     HeatFluxesReconstructionStencil,     DerivativeStencil,     NormalCalculationStencil,      CurvatureCalculationStencil,     ViscosusFluxesDerivativeStencilCenter,     ViscosusFluxesDerivativeStencilFace,     HeatFluxesDerivativeStencilCenter,     HeatFluxesDerivativeStencilFace,     EquationSet,                                                                                                                                                        Executable
                 8,            6,                 True,        True,          True,                True,                         False,            False,             True,              True,                      8.0,             True,                        4,                 3,                         2,              False,                        False,                              False,                                2,                RK2,         DerivativeStencil,                       Min,                 Linearized,     ApertureBased,                 Fedkiw,               Roe,                      Roe,        Einfeldt,                    5.0,                     WENO9,                             WENO3,                             WENO3,                      FourthOrderCentral,                  FourthOrderCentral,                 HOUC5,            CentralDifference,     FourthOrderCentralDifference,              FourthOrderCentralDifference,                     FourthOrderCellFace,          FourthOrderCentralDifference,                 FourthOrderCellFace,    NavierStokes,                                    ALPACA_1D_8_6_LimitEndTime_TrackRuntimes_RK2_DerivativeStencil_Min_Linearized_Fedkiw_Roe_Roe_Einfeldt_WENO9_HOUC5_NavierStokes
                 8,            6,                 True,        True,          True,                True,                         False,            False,             True,              True,                      8.0,             True,                        4,                 3,                         2,              False,                        False,                              False,                                2,                RK2,         DerivativeStencil,                       Min,                      Exact,     ApertureBased,                 Fedkiw,               Roe,       LocalLaxFriedrichs,        Einfeldt,                    5.0,                    WENO5Z,                             WENO3,                             WENO3,                      FourthOrderCentral,                  FourthOrderCentral,                 HOUC5,            CentralDifference,     FourthOrderCentralDifference,              FourthOrderCentralDifference,                     FourthOrderCellFace,          FourthOrderCentralDifference,                 FourthOrderCellFace,    NavierStokes,                         ALPACA_1D_8_6_LimitEndTime_TrackRuntimes_RK2_DerivativeStencil_Min_Exact_Fedkiw_Roe_LocalLaxFriedrichs_Einfeldt_WENO5Z_HOUC5_NavierStokes
                 8,            6,                 True,        True,          True,                True,                         False,            False,             True,              True,                      8.0,             True,                        4,                 3,                         2,              False,                        False,                              False,                                2,                RK2,         DerivativeStencil,                       Min,             TwoRarefaction,     ApertureBased,                 Fedkiw,               Roe,      GlobalLaxFriedrichs,        Einfeldt,                    5.0,                     WENO7,                             WENO3,                             WENO3,                      FourthOrderCentral,                  FourthOrderCentral,                 HOUC5,            CentralDifference,     FourthOrderCentralDifference,              FourthOrderCentralDifference,                     FourthOrderCellFace,          FourthOrderCentralDifference,                 FourthOrderCellFace,    NavierStokes,                ALPACA_1D_8_6_LimitEndTime_TrackRuntimes_RK2_DerivativeStencil_Min_TwoRarefaction_Fedkiw_Roe_GlobalLaxFriedrichs_Einfeldt_WENO7_HOUC5_NavierStokes
                 8,            6,                 True,        True,          True,                True,                         False,            False,             True,              True,                      8.0,             True,                        4,                 3,                         2,              False,                        False,                              False,                                2,                RK2,         DerivativeStencil,                       Min,                       Hllc,     ApertureBased,                 Fedkiw,               Roe,                    Roe_M,        Einfeldt,                    5.0,                     WENO9,                             WENO3,                             WENO3,                      FourthOrderCentral,                  FourthOrderCentral,                 HOUC5,            CentralDifference,     FourthOrderCentralDifference,              FourthOrderCentralDifference,                     FourthOrderCellFace,          FourthOrderCentralDifference,                 FourthOrderCellFace,    NavierStokes,                                        ALPACA_1D_8_6_LimitEndTime_TrackRuntimes_RK2_DerivativeStencil_Min_Hllc_Fedkiw_Roe_Roe_M_Einfeldt_WENO9_HOUC5_NavierStokes
                 8,            6,                 True,        True,          True,                True,                         False,            False,             True,              True,                      8.0,             True,                        4,                 3,                         2,              False,                        False,                              False,                                2,                RK2,         DerivativeStencil,                       Min,                 Linearized,     ApertureBased,                 Fedkiw,               Roe,     LocalLaxFriedrichs_M,        Einfeldt,                    5.0,                     WENO5,                             WENO3,                             WENO3,                      FourthOrderCentral,                  FourthOrderCentral,                 HOUC5,            CentralDifference,     FourthOrderCentralDifference,              FourthOrderCentralDifference,                     FourthOrderCellFace,          FourthOrderCentralDifference,                 FourthOrderCellFace,    NavierStokes,                   ALPACA_1D_8_6_LimitEndTime_TrackRuntimes_RK2_DerivativeStencil_Min_Linearized_Fedkiw_Roe_LocalLaxFriedrichs_M_Einfeldt_WENO5_HOUC5_NavierStokes
                 8,            6,                 True,        True,          True,                True,                         False,            False,             True,              True,                      8.0,             True,                        4,                 3,                         2,              False,                        False,                              False,                                2,                RK2,         DerivativeStencil,                       Min,                      Exact,     ApertureBased,                 Fedkiw,              Hllc,                      Roe,        Einfeldt,                    5.0,                     WENO7,                             WENO3,                             WENO3,                      FourthOrderCentral,                  FourthOrderCentral,                 HOUC5,            CentralDifference,     FourthOrderCentralDifference,              FourthOrderCentralDifference,                     FourthOrderCellFace,          FourthOrderCentralDifference,                 FourthOrderCellFace,    NavierStokes,                                        ALPACA_1D_8_6_LimitEndTime_TrackRuntimes_RK2_DerivativeStencil_Min_Exact_Fedkiw_Hllc_Roe_Einfeldt_WENO7_HOUC5_NavierStokes
                 8,            6,                 True,        True,          True,                True,                         False,            False,             True,              True,                      8.0,             True,                        4,                 3,                         2,              False,                        False,                              False,                                2,                RK2,         DerivativeStencil,                       Min,                       Hllc,     ApertureBased,                 Fedkiw,               Hll,                      Roe,        Einfeldt,                    5.0,                    WENO5Z,                             WENO3,                             WENO3,                      FourthOrderCentral,                  FourthOrderCentral,                 HOUC5,            CentralDifference,     FourthOrderCentralDifference,              FourthOrderCentralDifference,                     FourthOrderCellFace,          FourthOrderCentralDifference,                 FourthOrderCellFace,    NavierStokes,                                         ALPACA_1D_8_6_LimitEndTime_TrackRuntimes_RK2_DerivativeStencil_Min_Hllc_Fedkiw_Hll_Roe_Einfeldt_WENO5Z_HOUC5_NavierStokes
                24,            6,                 True,        True,          True,                True,                         False,            False,             True,              True,                      8.0,             True,                        4,                 3,                         2,              False,                        False,                              False,                                2,                RK2,       HjDerivativeStencil,                       Min,                       Hllc,     ApertureBased,                 Fedkiw,               Roe,                      Roe,        Einfeldt,                    5.0,                     WENO7,                             WENO3,                             WENO3,                      FourthOrderCentral,                  FourthOrderCentral,                 HOUC5,            CentralDifference,     FourthOrderCentralDifference,              FourthOrderCentralDifference,                     FourthOrderCellFace,          FourthOrderCentralDifference,                 FourthOrderCellFace,    NavierStokes,                                       ALPACA_1D_24_6_LimitEndTime_TrackRuntimes_RK2_HjDerivativeStencil_Min_Hllc_Fedkiw_Roe_Roe_Einfeldt_WENO7_HOUC5_NavierStokes
                24,            6,                 True,        True,          True,                True,                         False,            False,             True,              True,                      8.0,             True,                        4,                 3,                         2,              False,                        False,                              False,                                2,                RK2,       HjDerivativeStencil,                       Min,                 Linearized,     ApertureBased,                 Fedkiw,               Roe,       LocalLaxFriedrichs,        Einfeldt,                    5.0,                     WENO9,                             WENO3,                             WENO3,                      FourthOrderCentral,                  FourthOrderCentral,                 HOUC5,            CentralDifference,     FourthOrderCentralDifference,              FourthOrderCentralDifference,                     FourthOrderCellFace,          FourthOrderCentralDifference,                 FourthOrderCellFace,    NavierStokes,                  ALPACA_1D_24_6_LimitEndTime_TrackRuntimes_RK2_HjDerivativeStencil_Min_Linearized_Fedkiw_Roe_LocalLaxFriedrichs_Einfeldt_WENO9_HOUC5_NavierStokes
                24,            6,                 True,        True,          True,                True,                         False,            False,             True,              True,                      8.0,             True,                        4,                 3,                         2,              False,                        False,                              False,                                2,                RK2,       HjDerivativeStencil,                       Min,                      Exact,     ApertureBased,                 Fedkiw,               Roe,      GlobalLaxFriedrichs,        Einfeldt,                    5.0,                     WENO5,                             WENO3,                             WENO3,                      FourthOrderCentral,                  FourthOrderCentral,                 HOUC5,            CentralDifference,     FourthOrderCentralDifference,              FourthOrderCentralDifference,                     FourthOrderCellFace,          FourthOrderCentralDifference,                 FourthOrderCellFace,    NavierStokes,                      ALPACA_1D_24_6_LimitEndTime_TrackRuntimes_RK2_HjDerivativeStencil_Min_Exact_Fedkiw_Roe_GlobalLaxFriedrichs_Einfeldt_WENO5_HOUC5_NavierStokes
                24,            6,                 True,        True,          True,                True,                         False,            False,             True,              True,                      8.0,             True,                        4,                 3,                         2,              False,                        False,                              False,                                2,                RK2,       HjDerivativeStencil,                       Min,             TwoRarefaction,     ApertureBased,                 Fedkiw,               Roe,                    Roe_M,        Einfeldt,                    5.0,                     WENO3,                             WENO3,                             WENO3,                      FourthOrderCentral,                  FourthOrderCentral,                 HOUC5,            CentralDifference,     FourthOrderCentralDifference,              FourthOrderCentralDifference,                     FourthOrderCellFace,          FourthOrderCentralDifference,                 FourthOrderCellFace,    NavierStokes,                           ALPACA_1D_24_6_LimitEndTime_TrackRuntimes_RK2_HjDerivativeStencil_Min_TwoRarefaction_Fedkiw_Roe_Roe_M_Einfeldt_WENO3_HOUC5_NavierStokes
                24,            6,                 True,        True,          True,                True,                         False,            False,             True,              True,                      8.0,             True,                        4,                 3,                         2,              False,                        False,                              False,                                2,                RK2,       HjDerivativeStencil,                       Min,                       Hllc,     ApertureBased,                 Fedkiw,               Roe,     LocalLaxFriedrichs_M,        Einfeldt,                    5.0,                    WENO5Z,                             WENO3,                             WENO3,                      FourthOrderCentral,                  FourthOrderCentral,                 HOUC5,            CentralDifference,     FourthOrderCentralDifference,              FourthOrderCentralDifference,                     FourthOrderCellFace,          FourthOrderCentralDifference,                 FourthOrderCellFace,    NavierStokes,                     ALPACA_1D_24_6_LimitEndTime_TrackRuntimes_RK2_HjDerivativeStencil_Min_Hllc_Fedkiw_Roe_LocalLaxFriedrichs_M_Einfeldt_WENO5Z_HOUC5_NavierStokes
                24,            6,                 True,        True,          True,                True,                         False,            False,             True,              True,                      8.0,             True,                        4,                 3,                         2,              False,                        False,                              False,                                2,                RK2,       HjDerivativeStencil,                       Min,                 Linearized,     ApertureBased,                 Fedkiw,              Hllc,                      Roe,        Einfeldt,                    5.0,                     WENO3,                             WENO3,                             WENO3,                      FourthOrderCentral,                  FourthOrderCentral,                 HOUC5,            CentralDifference,     FourthOrderCentralDifference,              FourthOrderCentralDifference,                     FourthOrderCellFace,          FourthOrderCentralDifference,                 FourthOrderCellFace,    NavierStokes,                                ALPACA_1D_24_6_LimitEndTime_TrackRuntimes_RK2_HjDerivativeStencil_Min_Linearized_Fedkiw_Hllc_Roe_Einfeldt_WENO3_HOUC5_NavierStokes
                24,            6,                 True,        True,          True,                True,                         False,            False,             True,              True,                      8.0,             True,                        4,                 3,                         2,              False,                        False,                              False,                                2,                RK2,       HjDerivativeStencil,                       Min,                 Linearized,     ApertureBased,                 Fedkiw,               Hll,                      Roe,        Einfeldt,                    5.0,                     WENO9,                             WENO3,                             WENO3,                      FourthOrderCentral,                  FourthOrderCentral,                 HOUC5,            CentralDifference,     FourthOrderCentralDifference,              FourthOrderCentralDifference,                     FourthOrderCellFace,          FourthOrderCentralDifference,                 FourthOrderCellFace,    NavierStokes,                                 ALPACA_1D_24_6_LimitEndTime_TrackRuntimes_RK2_HjDerivativeStencil_Min_Linearized_Fedkiw_Hll_Roe_Einfeldt_WENO9_HOUC5_NavierStokes
                32,            4,                 True,        True,          True,                True,                         False,            False,             True,              True,                      8.0,             True,                        4,                 3,                         2,              False,                        False,                              False,                                3,                RK3,     ReconstructionStencil,                      Weno,             TwoRarefaction,     ApertureBased,                 Upwind,               Roe,                      Roe,        Einfeldt,                    5.0,                     WENO3,                             WENO3,                             WENO3,                      FourthOrderCentral,                  FourthOrderCentral,                 HOUC5,            CentralDifference,     FourthOrderCentralDifference,              FourthOrderCentralDifference,                     FourthOrderCellFace,          FourthOrderCentralDifference,                 FourthOrderCellFace,    NavierStokes,                          ALPACA_1D_32_4_LimitEndTime_TrackRuntimes_RK3_ReconstructionStencil_Weno_TwoRarefaction_Upwind_Roe_Roe_Einfeldt_WENO3_HOUC5_NavierStokes
                32,            4,                 True,        True,          True,                True,                         False,            False,             True,              True,                      8.0,             True,                        4,                 3,                         2,              False,                        False,                              False,                                3,                RK3,     ReconstructionStencil,                      Weno,                       Hllc,     ApertureBased,                 Upwind,               Roe,       LocalLaxFriedrichs,        Einfeldt,                    5.0,                     WENO3,                             WENO3,                             WENO3,                      FourthOrderCentral,                  FourthOrderCentral,                 HOUC5,            CentralDifference,     FourthOrderCentralDifference,              FourthOrderCentralDifference,                     FourthOrderCellFace,          FourthOrderCentralDifference,                 FourthOrderCellFace,    NavierStokes,                     ALPACA_1D_32_4_LimitEndTime_TrackRuntimes_RK3_ReconstructionStencil_Weno_Hllc_Upwind_Roe_LocalLaxFriedrichs_Einfeldt_WENO3_HOUC5_NavierStokes
                32,            4,                 True,        True,          True,                True,                         False,            False,             True,              True,                      8.0,             True,                        4,                 3,                         2,              False,                        False,                              False,                                3,                RK3,     ReconstructionStencil,                      Weno,                 Linearized,     ApertureBased,                 Upwind,               Roe,      GlobalLaxFriedrichs,        Einfeldt,                    5.0,                    WENO5Z,                             WENO3,                             WENO3,                      FourthOrderCentral,                  FourthOrderCentral,                 HOUC5,            CentralDifference,     FourthOrderCentralDifference,              FourthOrderCentralDifference,                     FourthOrderCellFace,          FourthOrderCentralDifference,                 FourthOrderCellFace,    NavierStokes,             ALPACA_1D_32_4_LimitEndTime_TrackRuntimes_RK3_ReconstructionStencil_Weno_Linearized_Upwind_Roe_GlobalLaxFriedrichs_Einfeldt_WENO5Z_HOUC5_NavierStokes
                32,            4,                 True,        True,          True,                True,                         False,            False,             True,              True,                      8.0,             True,                        4,                 3,                         2,              False,                        False,                              False,                                3,                RK3,     ReconstructionStencil,                      Weno,                      Exact,     ApertureBased,                 Upwind,               Roe,                    Roe_M,        Einfeldt,                    5.0,                     WENO7,                             WENO3,                             WENO3,                      FourthOrderCentral,                  FourthOrderCentral,                 HOUC5,            CentralDifference,     FourthOrderCentralDifference,              FourthOrderCentralDifference,                     FourthOrderCellFace,          FourthOrderCentralDifference,                 FourthOrderCellFace,    NavierStokes,                                 ALPACA_1D_32_4_LimitEndTime_TrackRuntimes_RK3_ReconstructionStencil_Weno_Exact_Upwind_Roe_Roe_M_Einfeldt_WENO7_HOUC5_NavierStokes
                32,            4,                 True,        True,          True,                True,                         False,            False,             True,              True,                      8.0,             True,                        4,                 3,                         2,              False,                        False,                              False,                                3,                RK3,     ReconstructionStencil,                      Weno,             TwoRarefaction,     ApertureBased,                 Upwind,               Roe,     LocalLaxFriedrichs_M,        Einfeldt,                    5.0,                     WENO3,                             WENO3,                             WENO3,                      FourthOrderCentral,                  FourthOrderCentral,                 HOUC5,            CentralDifference,     FourthOrderCentralDifference,              FourthOrderCentralDifference,                     FourthOrderCellFace,          FourthOrderCentralDifference,                 FourthOrderCellFace,    NavierStokes,         ALPACA_1D_32_4_LimitEndTime_TrackRuntimes_RK3_ReconstructionStencil_Weno_TwoRarefaction_Upwind_Roe_LocalLaxFriedrichs_M_Einfeldt_WENO3_HOUC5_NavierStokes
                32,            4,                 True,        True,          True,                True,                         False,            False,             True,              True,                      8.0,             True,                        4,                 3,                         2,              False,                        False,                              False,                                3,                RK3,     ReconstructionStencil,                      Weno,                       Hllc,     ApertureBased,                 Upwind,              Hllc,                      Roe,        Einfeldt,                    5.0,                     WENO5,                             WENO3,                             WENO3,                      FourthOrderCentral,                  FourthOrderCentral,                 HOUC5,            CentralDifference,     FourthOrderCentralDifference,              FourthOrderCentralDifference,                     FourthOrderCellFace,          FourthOrderCentralDifference,                 FourthOrderCellFace,    NavierStokes,                                   ALPACA_1D_32_4_LimitEndTime_TrackRuntimes_RK3_ReconstructionStencil_Weno_Hllc_Upwind_Hllc_Roe_Einfeldt_WENO5_HOUC5_NavierStokes
                32,            4,                 True,        True,          True,                True,                         False,            False,             True,              True,                      8.0,             True,                        4,                 3,                         2,              False,                        False,                              False,                                3,                RK3,     ReconstructionStencil,                      Weno,             TwoRarefaction,     ApertureBased,                 Upwind,               Hll,                      Roe,        Einfeldt,                    5.0,                     WENO3,                             WENO3,                             WENO3,                      FourthOrderCentral,                  FourthOrderCentral,                 HOUC5,            CentralDifference,     FourthOrderCentralDifference,              FourthOrderCentralDifference,                     FourthOrderCellFace,          FourthOrderCentralDifference,                 FourthOrderCellFace,    NavierStokes,                          ALPACA_1D_32_4_LimitEndTime_TrackRuntimes_RK3_ReconstructionStencil_Weno_TwoRarefaction_Upwind_Hll_Roe_Einfeldt_WENO3_HOUC5_NavierStokes
